Method,Hit@1,Hit@2,Hit@3,Found Rate,Coherence,Mapping,Explanatory,Avg Score,Gold Match
LLM + Gen-SC + Bg,0.1825,0.285,0.34,0.34,2.8425,2.67,2.5625,2.6913250000000004,0.1825
LLM + SC,0.245,0.3175,0.3575,0.3575,2.845,2.575,2.52,2.6460749999999997,0.245
LLM Name Only,0.175,0.295,0.3325,0.3325,2.8075,2.4925,2.4475,2.5818250000000003,0.175
LLM + SC + Bg,0.2075,0.2975,0.3375,0.3375,2.75,2.4775,2.4375,2.5544,0.2075
LLM + Bg,0.2225,0.2975,0.35,0.35,2.7475,2.4525,2.3925,2.530125,0.2225
Embedding Only,0.195,0.305,0.4,0.4,2.055,1.8325,1.71,1.8651499999999999,0.1625
