{
  "overall": {
    "total_experiments": 33600,
    "total_models": 12,
    "total_settings": 6,
    "mean_sbert_similarity": 0.8102974647409947,
    "median_sbert_similarity": 0.8301599621772766,
    "std_sbert_similarity": 0.09714257249379048,
    "error_rate": 0.0
  },
  "model_rankings": {
    "GPT-4.1-Mini": {
      "mean": 0.835,
      "std": 0.0974,
      "min": 0.1846,
      "max": 0.9668,
      "count": 2800,
      "error_rate": 0.0
    },
    "Qwen3-14B": {
      "mean": 0.8268,
      "std": 0.0944,
      "min": 0.2303,
      "max": 0.9604,
      "count": 2800,
      "error_rate": 0.0
    },
    "DeepSeek-R1": {
      "mean": 0.8227,
      "std": 0.0894,
      "min": 0.1301,
      "max": 0.9582,
      "count": 2800,
      "error_rate": 0.0
    },
    "Qwen3-32B": {
      "mean": 0.82,
      "std": 0.1,
      "min": -0.0423,
      "max": 0.9583,
      "count": 2800,
      "error_rate": 0.0
    },
    "GPT-OSS-120B": {
      "mean": 0.8175,
      "std": 0.1022,
      "min": -0.1284,
      "max": 0.9589,
      "count": 2800,
      "error_rate": 0.0
    },
    "GPT-4.1-Nano": {
      "mean": 0.8095,
      "std": 0.0912,
      "min": 0.2188,
      "max": 0.9572,
      "count": 2800,
      "error_rate": 0.0
    },
    "Gemini-2.5": {
      "mean": 0.809,
      "std": 0.1057,
      "min": -0.0423,
      "max": 0.9631,
      "count": 2800,
      "error_rate": 0.0
    },
    "Grok-4": {
      "mean": 0.8019,
      "std": 0.0957,
      "min": 0.1487,
      "max": 0.9655,
      "count": 2800,
      "error_rate": 0.0
    },
    "GPT-OSS-20B": {
      "mean": 0.8017,
      "std": 0.1039,
      "min": -0.1411,
      "max": 0.9599,
      "count": 2800,
      "error_rate": 0.0
    },
    "Llama-405B": {
      "mean": 0.8011,
      "std": 0.0913,
      "min": 0.1845,
      "max": 0.9559,
      "count": 2800,
      "error_rate": 0.0
    },
    "Llama-70B": {
      "mean": 0.7908,
      "std": 0.0914,
      "min": 0.2217,
      "max": 0.9504,
      "count": 2800,
      "error_rate": 0.0
    },
    "Llama-8B": {
      "mean": 0.7877,
      "std": 0.0894,
      "min": 0.2246,
      "max": 0.9483,
      "count": 2800,
      "error_rate": 0.0
    }
  },
  "setting_rankings": {
    "S3: Systems+Unpaired": {
      "mean": 0.855,
      "std": 0.0684,
      "min": -0.1411,
      "max": 0.9655,
      "count": 9600,
      "error_rate": 0.0
    },
    "S4: Systems+Unpaired+BG": {
      "mean": 0.8535,
      "std": 0.0718,
      "min": -0.0423,
      "max": 0.9655,
      "count": 4800,
      "error_rate": 0.0
    },
    "S5: Systems+Paired": {
      "mean": 0.8321,
      "std": 0.0734,
      "min": -0.1284,
      "max": 0.9668,
      "count": 4800,
      "error_rate": 0.0
    },
    "S6: Systems+Paired+BG": {
      "mean": 0.8276,
      "std": 0.0775,
      "min": -0.1053,
      "max": 0.9603,
      "count": 4800,
      "error_rate": 0.0
    },
    "S2: Systems+BG": {
      "mean": 0.7273,
      "std": 0.0964,
      "min": -0.0973,
      "max": 0.9219,
      "count": 4800,
      "error_rate": 0.0
    },
    "S1: Systems": {
      "mean": 0.7216,
      "std": 0.0973,
      "min": -0.1003,
      "max": 0.9276,
      "count": 4800,
      "error_rate": 0.0
    }
  },
  "top_10_combinations": {
    "GPT-4.1-Mini - S4: Systems+Unpaired+BG": 0.884503208398819,
    "GPT-4.1-Mini - S3: Systems+Unpaired": 0.8823941771686077,
    "Qwen3-32B - S3: Systems+Unpaired": 0.8801024233549833,
    "Qwen3-32B - S4: Systems+Unpaired+BG": 0.8796704068779946,
    "Qwen3-14B - S4: Systems+Unpaired+BG": 0.8759118328988552,
    "GPT-4.1-Mini - S5: Systems+Paired": 0.8757134431600571,
    "Qwen3-14B - S3: Systems+Unpaired": 0.8752241823077201,
    "GPT-4.1-Mini - S6: Systems+Paired+BG": 0.8728459399938583,
    "DeepSeek-R1 - S4: Systems+Unpaired+BG": 0.8719076085090637,
    "DeepSeek-R1 - S3: Systems+Unpaired": 0.8708091045916081
  }
}