,MRR,MAP,NDCG@20,Hit@1,Hit@3,Hit@5,Hit@10,Hit@20,Recall@1,Recall@3,Recall@5,Recall@10,Recall@20,Total_Golden_Sources,Total_Found,Golden_Coverage,Avg_Golden_Per_Target,Avg_Found_Per_Target,Avg_All_Golden_Ranks,Failure_Rate,Poor_Performance_Rate,Hit_Score_Mean,Miss_Score_Mean,Gold_Score_Mean
name_background,0.23438124645177663,0.22285830676354088,0.3149370539828368,0.13,0.27,0.35,0.45,0.615,0.48710166919575115,0.48710166919575115,0.48710166919575115,0.48710166919575115,0.48710166919575115,659.0,321.0,0.48710166919575115,1.6475,0.8025,6.654205607476635,0.385,0.165,0.5522001306737232,0.5682669962216045,0.42369449318114377
name_only,0.2978181378842176,0.28717679494353254,0.3820276193384748,0.1775,0.33,0.475,0.5575,0.6775,0.5462822458270106,0.5462822458270106,0.5462822458270106,0.5462822458270106,0.5462822458270106,659.0,360.0,0.5462822458270106,1.6475,0.9,5.9,0.3225,0.12,0.5244896466759563,0.5630421253866772,0.42426400845213724
name_properties,0.33942160192963217,0.33301989025694523,0.44043099191892465,0.195,0.4,0.55,0.6875,0.78,0.6236722306525038,0.6236722306525038,0.6236722306525038,0.6236722306525038,0.6236722306525038,659.0,411.0,0.6236722306525038,1.6475,1.0275,5.586374695863747,0.22,0.0925,0.5091583371928249,0.5443909932585709,0.41708048049018986
name_properties_background,0.26518735466674703,0.2564291256755943,0.3559833055778992,0.1475,0.305,0.4025,0.5375,0.68,0.5493171471927162,0.5493171471927162,0.5493171471927162,0.5493171471927162,0.5493171471927162,659.0,362.0,0.5493171471927162,1.6475,0.905,6.50828729281768,0.32,0.1425,0.5494018393112239,0.5655447199177116,0.42233924921221005
