,MRR,MAP,NDCG@20,Hit@1,Hit@3,Hit@5,Hit@10,Hit@20,Recall@1,Recall@3,Recall@5,Recall@10,Recall@20,Total_Golden_Sources,Total_Found,Golden_Coverage,Avg_Golden_Per_Target,Avg_Found_Per_Target,Avg_All_Golden_Ranks,Failure_Rate,Poor_Performance_Rate,Hit_Score_Mean,Miss_Score_Mean,Gold_Score_Mean
name_background,0.1790265051426042,0.1790265051426042,0.2560128002639773,0.085,0.2075,0.295,0.3875,0.525,0.525,0.525,0.525,0.525,0.525,400.0,210.0,0.525,1.0,0.525,6.642857142857143,0.475,0.1375,0.5542147327113793,0.5672460252607505,0.4151155942107563
name_only,0.2336289069762367,0.2336289069762367,0.3104640326678436,0.1325,0.2575,0.3575,0.4675,0.575,0.575,0.575,0.575,0.575,0.575,400.0,230.0,0.575,1.0,0.575,5.721739130434782,0.425,0.1075,0.5325841320868251,0.559846630942349,0.4163208741506007
name_properties,0.23376518517172543,0.23376518517172543,0.3110447436404482,0.1325,0.2575,0.3575,0.4675,0.5775,0.5775,0.5775,0.5775,0.5775,0.5775,400.0,231.0,0.5775,1.0,0.5775,5.783549783549783,0.4225,0.11,0.5325621764696543,0.5597995893828841,0.4157567296952042
name_properties_background,0.17790150514260422,0.17790150514260422,0.2551996840250031,0.0825,0.2075,0.295,0.3875,0.525,0.525,0.525,0.525,0.525,0.525,400.0,210.0,0.525,1.0,0.525,6.642857142857143,0.475,0.1375,0.5557151410449394,0.5671346481659145,0.4151309991210086
words_only,0.17905654235685198,0.17905654235685198,0.2560481817161614,0.085,0.2075,0.295,0.39,0.525,0.525,0.525,0.525,0.525,0.525,400.0,210.0,0.525,1.0,0.525,6.633333333333334,0.475,0.135,0.5542917249309036,0.567265054626777,0.41516002187896933
