threshold,count_above,percentage
0.3,176,44.0
0.35,130,32.5
0.39999999999999997,101,25.25
0.44999999999999996,70,17.5
0.49999999999999994,48,12.0
0.5499999999999999,39,9.75
0.5999999999999999,31,7.75
0.6499999999999999,25,6.25
0.7,14,3.5000000000000004
0.7499999999999999,9,2.25
0.7999999999999998,6,1.5
0.8499999999999999,4,1.0
0.8999999999999999,3,0.75
